,#,Country,TotalCases,NewCases,TotalDeaths,NewDeaths,TotalRecovered,NewRecovered,ActiveCases,Critical,Tot Cases/1M pop,Deaths/1M pop,TotalTests,Tests/1M pop,Continent,1 Caseevery X ppl,1 Deathevery X ppl,1 Testevery X ppl,New Cases/1M pop,New Deaths/1M pop,Active Cases/1M pop,Population,lat,long,PopulationAffected,Cases Recovered,Cases Active,Mortality Rate
0,1.0,USA,34250344,"+7,014",613329.0,+287,28242916.0,"+22,053",5394099.0,5095.0,102910.0,1843.0,490927350.0,1475063.0,North America,10.0,543.0,1.0,21.0,0.9,16207.0,331003000.0,37.09024,-95.712891,10.34744216819787,82.46024039933731,15.749035980485335,1.7907236201773622
1,2.0,India,29182072,"+93,896",359695.0,"+6,138",27638902.0,"+142,704",1183475.0,8944.0,20954.0,258.0,370193563.0,265814.0,Asia,48.0,3872.0,4.0,67.0,4.0,850.0,1380004000.0,20.593684,78.96288,2.114636769168785,94.71192449939812,4.055486532964485,1.2325889676373905
2,3.0,Brazil,17038260,0,477307.0,0,15494071.0,0,1066882.0,8318.0,79628.0,2231.0,50028915.0,233811.0,South America,13.0,448.0,4.0,0,0,4986.0,212559000.0,-14.235004,-51.92528,8.015779148377627,90.93693252714773,6.261683998248648,2.801383474603627
3,4.0,France,5725492,"+5,557",110202.0,+65,5458414.0,"+15,342",156876.0,2326.0,87534.0,1685.0,87626503.0,1339676.0,Europe,11.0,594.0,1.0,85.0,1.0,2398.0,65274000.0,46.227638,2.213749,8.771474093819897,95.33528297655468,2.7399566709725556,1.9247603524727657
4,5.0,Turkey,5306690,"+6,454",48428.0,+87,5179833.0,"+6,647",78429.0,1018.0,62295.0,568.0,56123336.0,658828.0,Asia,16.0,1759.0,2.0,76.0,1.0,921.0,84339000.0,38.963745,35.243322,6.292094997569333,97.60948915425624,1.4779269186630462,0.9125839270807226
5,6.0,Russia,5156250,"+10,407",124895.0,+399,4761899.0,"+9,814",269456.0,2300.0,35318.0,855.0,141100000.0,966484.0,Europe,28.0,1169.0,1.0,71.0,3.0,1846.0,145934000.0,61.52401,105.31875600000001,3.5332753162388477,92.35198060606061,5.225813333333333,2.4222060606060603
6,7.0,UK,4535754,"+7,540",127860.0,+6,4281627.0,"+2,234",126267.0,154.0,66488.0,1874.0,191044609.0,2800437.0,Europe,15.0,534.0,0.0,111.0,0.09,1851.0,67886000.0,55.378051,-3.435973,6.681427687593907,94.39724905715786,2.7838149952576794,2.818935947584459
7,8.0,Italy,4237790,"+2,199",126767.0,+77,3936088.0,"+8,912",174935.0,661.0,70187.0,2100.0,67851729.0,1123772.0,Europe,14.0,476.0,1.0,36.0,1.0,2897.0,60462000.0,41.87194,12.56738,7.0090139261023445,92.88067601273305,4.127977082394361,2.9913469048725867
8,9.0,Argentina,4008771,0,82667.0,0,3585811.0,0,340293.0,7794.0,87944.0,1814.0,14752240.0,323633.0,South America,11.0,551.0,3.0,0,0,7465.0,45196000.0,-38.416097,-63.616671999999994,8.869747322771927,89.44913540833338,8.488711378125616,2.062153213541008
9,10.0,Germany,3715485,"+2,890",90175.0,+91,3557600.0,"+7,700",67710.0,1796.0,44214.0,1073.0,61380686.0,730421.0,Europe,23.0,932.0,1.0,34.0,1.0,806.0,83784000.0,51.165690999999995,10.451526,4.43459968490404,95.75062205876218,1.8223731222168842,2.4270048190209352
10,11.0,Spain,3715454,"+4,427",80332.0,+23,3501083.0,"+4,506",134039.0,1040.0,79438.0,1718.0,51240666.0,1095548.0,Europe,13.0,582.0,1.0,95.0,0.5,2866.0,46755000.0,40.463667,-3.7492199999999998,7.9466452785798305,94.23028787329893,3.6076075763554067,2.1621045503456644
11,12.0,Colombia,3611602,0,92923.0,0,3365050.0,0,153629.0,6582.0,70279.0,1808.0,17690117.0,344236.0,South America,14.0,553.0,3.0,0,0,2990.0,50883000.0,4.570868,-74.297333,7.09785586541674,93.17333416029784,4.253763288424361,2.5729025512777985
12,13.0,Iran,2990714,"+10,598",81519.0,+157,2590682.0,"+12,419",318513.0,3584.0,35186.0,959.0,21065451.0,247839.0,Asia,28.0,1043.0,4.0,125.0,2.0,3747.0,83993000.0,32.427908,53.68804599999999,3.560670532068148,86.62419743245259,10.650065502752854,2.7257370647945605
13,14.0,Poland,2876289,+428,74363.0,+108,2646647.0,+307,155279.0,388.0,76077.0,1967.0,16356648.0,432627.0,Europe,13.0,508.0,2.0,11.0,3.0,4107.0,37847000.0,51.919438,19.145135999999997,7.59978069596005,92.01603176871309,5.398588250346192,2.585379980940719
14,15.0,Mexico,2438011,"+3,449",229100.0,+262,1944267.0,"+2,354",264644.0,4798.0,18725.0,1760.0,7152174.0,54933.0,North America,53.0,568.0,18.0,26.0,2.0,2033.0,128933000.0,23.634501,-102.552784,1.8909131099097982,79.74808153039507,10.854914108262841,9.397004361342095
15,16.0,Ukraine,2218039,"+1,385",51410.0,+77,2108684.0,"+6,962",57945.0,177.0,51004.0,1182.0,10405577.0,239278.0,Europe,20.0,846.0,4.0,32.0,2.0,1332.0,43734000.0,48.379433,31.16558,5.07165820642978,95.06974403966747,2.6124427929355614,2.3178131673969666
16,17.0,Peru,1987933,0,187157.0,0,0.0,0,0.0,2629.0,59518.0,5603.0,13230098.0,396106.0,South America,17.0,178.0,3.0,0,0,2399.0,32972000.0,-9.189967,-75.015152,6.029155040640544,0.0,0.0,9.414653310750412
17,18.0,Indonesia,1877050,"+7,725",52162.0,+170,1723253.0,"+5,883",101635.0,0,6795.0,189.0,17530376.0,63464.0,Asia,147.0,5296.0,16.0,28.0,0.6,368.0,273524000.0,-0.789275,113.921327,0.6862469106915663,91.80645161290323,5.414613356064037,2.7789350310327374
18,19.0,South Africa,1704058,0,57183.0,0,1587015.0,0,59860.0,546.0,28398.0,953.0,11932018.0,198845.0,Africa,35.0,1049.0,5.0,0,0,998.0,59309000.0,-30.559482,22.937506,2.8731861943381274,93.13151312924795,3.512791231284381,3.3556956394676707
19,20.0,Netherlands,1667560,"+1,714",17700.0,+5,1548185.0,"+5,844",101675.0,314.0,97119.0,1031.0,14248931.0,829856.0,Europe,10.0,970.0,1.0,100.0,0.3,5922.0,17135000.0,52.132633,5.291266,9.731893784651298,92.84133704334477,6.097231883710331,1.0614310729449015
20,21.0,Czechia,1664382,+384,30202.0,+2,1627151.0,+28,7029.0,40.0,155150.0,2815.0,26152234.0,2437850.0,Europe,6.0,355.0,0.0,36.0,0.2,655.0,10709000.0,49.817492,15.472961999999999,15.541899337006257,97.7630736213201,0.4223189147683644,1.8146074639115302
21,22.0,Chile,1445770,"+5,353",30141.0,+37,1369856.0,"+7,425",45773.0,3279.0,75029.0,1564.0,15372255.0,797749.0,South America,13.0,639.0,1.0,278.0,2.0,2375.0,19116000.0,-35.675146999999996,-71.542969,7.563140824440259,94.74923397220859,3.165994591117536,2.084771436673883
22,23.0,Canada,1396015,+605,25832.0,+41,1349340.0,"+1,260",20843.0,873.0,36688.0,679.0,35364353.0,929384.0,North America,27.0,1473.0,1.0,16.0,1.0,548.0,37742000.0,56.130366,-106.34677099999999,3.698836839595146,96.6565545499153,1.4930355332858172,1.8504099167988883
23,24.0,Philippines,1286217,"+5,462",22190.0,+126,1210027.0,"+7,854",54000.0,1704.0,11594.0,200.0,13863613.0,124962.0,Asia,86.0,5000.0,8.0,49.0,1.0,487.0,109581000.0,12.879721,121.77401699999999,1.1737591370766831,94.07642722806494,4.198358441849237,1.7252143300858251
24,25.0,Iraq,1237856,"+4,616",16614.0,+25,1155887.0,"+4,372",65355.0,422.0,30146.0,405.0,10807363.0,263193.0,Asia,33.0,2472.0,4.0,112.0,0.6,1592.0,40223000.0,33.223191,43.679291,3.0774830320960644,93.37814737740092,5.279693276116124,1.3421593464829513
25,26.0,Sweden,1081898,0,14525.0,0,1006975.0,"+2,432",60398.0,130.0,106505.0,1430.0,10239089.0,1007968.0,Europe,9.0,699.0,1.0,0,0,5946.0,10099000.0,60.128161,18.643501,10.712922071492228,93.07485548545242,5.582596510946503,1.3425480036010788
26,27.0,Romania,1079294,+140,31383.0,+14,1043482.0,+111,4429.0,272.0,56456.0,1642.0,9288260.0,485856.0,Europe,18.0,609.0,2.0,7.0,0.7,232.0,19238000.0,45.943160999999996,24.96676,5.610219357521571,96.68190502309844,0.4103608469981303,2.907734129903437
27,28.0,Belgium,1072175,+904,25051.0,+10,989310.0,"+3,342",57814.0,336.0,92136.0,2153.0,14319318.0,1230519.0,Europe,11.0,465.0,1.0,78.0,0.9,4968.0,11590000.0,50.503887,4.469936,9.250862812769629,92.27131764870474,5.392216755660224,2.336465595635041
28,29.0,Pakistan,936131,"+1,118",21453.0,+77,869691.0,"+2,244",44987.0,3024.0,4163.0,95.0,13663666.0,60758.0,Asia,240.0,10483.0,16.0,5.0,0.3,200.0,220892000.0,30.375321000000003,69.345116,0.4237957916085689,92.9027027200253,4.805630835855238,2.291666444119466
29,30.0,Portugal,854522,+890,17037.0,0,813489.0,+525,23996.0,70.0,84033.0,1675.0,12089787.0,1188905.0,Europe,12.0,597.0,1.0,88.0,0,2360.0,10197000.0,39.399871999999995,-8.224454,8.380131411199372,95.19813416155465,2.8081196271131694,1.9937462113321833
30,31.0,Israel,839585,0,6418.0,0,832981.0,0,186.0,34.0,90026.0,688.0,14739061.0,1580427.0,Asia,11.0,1453.0,1.0,0,0,20.0,8656000.0,31.046051000000002,34.851612,9.699457024029574,99.21342091628603,0.022153802176075085,0.7644252815379027
31,32.0,Bangladesh,817819,"+2,537",12949.0,+36,757569.0,"+2,267",47301.0,1153.0,4920.0,78.0,6106791.0,36739.0,Asia,203.0,12837.0,27.0,15.0,0.2,285.0,164689000.0,23.684994,90.35633100000001,0.49658386413178784,92.63284418679439,5.783798126480309,1.583357686725302
32,33.0,Hungary,806385,+179,29889.0,+6,720400.0,"+1,823",56096.0,58.0,83673.0,3101.0,5936304.0,615968.0,Europe,12.0,322.0,2.0,19.0,0.6,5821.0,9660000.0,47.162494,19.503304,8.347670807453417,89.33697923448477,6.956478605132784,3.7065421603824475
33,34.0,Japan,765619,"+1,885",13743.0,+98,713807.0,"+3,591",38069.0,1055.0,6071.0,109.0,15106526.0,119785.0,Asia,165.0,9177.0,8.0,15.0,0.8,302.0,126476000.0,36.204824,138.252924,0.6053472595591258,93.23266533354058,4.972316517745772,1.7950181487136552
34,35.0,Jordan,741699,+598,9561.0,+12,723637.0,+830,8501.0,540.0,72025.0,928.0,7471403.0,725537.0,Asia,14.0,1077.0,1.0,58.0,1.0,826.0,10203000.0,30.585164000000002,36.238414,7.269420758600412,97.56478032193652,1.146152280102845,1.2890673979606282
35,36.0,Serbia,714252,+198,6938.0,+8,702339.0,+385,4975.0,20.0,82057.0,797.0,4240178.0,487132.0,Europe,12.0,1255.0,2.0,23.0,0.9,572.0,8737000.0,44.016521000000004,21.005859,8.175025752546642,98.33210127518018,0.6965328763517638,0.9713658484680476
36,37.0,Switzerland,699339,+541,10850.0,+6,663486.0,"+1,700",25003.0,101.0,80257.0,1245.0,7897523.0,906325.0,Europe,12.0,803.0,1.0,62.0,0.7,2869.0,8655000.0,46.818188,8.227511999999999,8.080173310225302,94.873301789261,3.5752331844784857,1.5514650262605119
37,38.0,Austria,647688,+366,10650.0,+3,632188.0,+319,4850.0,124.0,71532.0,1176.0,46426166.0,5127437.0,Europe,14.0,850.0,0.0,40.0,0.3,536.0,9006000.0,47.516231,14.550072,7.191738840772818,97.60687244475736,0.7488173318017317,1.644310223440916
38,39.0,Malaysia,633891,"+6,239",3611.0,+75,548705.0,"+7,386",81575.0,905.0,19354.0,110.0,12920184.0,394472.0,Asia,52.0,9070.0,3.0,190.0,2.0,2491.0,32366000.0,4.210483999999999,101.97576600000001,1.9585089291231539,86.56141197776905,12.868931724854903,0.5696562973760473
39,40.0,Nepal,598813,"+3,449",8179.0,+81,510298.0,"+5,768",80336.0,0,20213.0,276.0,3179203.0,107314.0,Asia,49.0,3622.0,9.0,116.0,3.0,2712.0,29137000.0,28.394857000000002,84.12400799999999,2.055163537769846,85.21825678467235,13.415874404864288,1.3658688104633667
40,41.0,UAE,587244,0,1704.0,0,566677.0,0,18863.0,0,58713.0,170.0,52132968.0,5212273.0,Asia,17.0,5870.0,0.0,0,0,1886.0,9890000.0,23.424076,53.847818000000004,5.937755308392315,96.49770793741614,3.2121230697972223,0.29016899278664404
41,42.0,Lebanon,541940,+139,7780.0,+6,525065.0,0,9095.0,86.0,79735.0,1145.0,4543738.0,668512.0,Asia,13.0,874.0,1.0,20.0,0.9,1338.0,6825000.0,33.854721000000005,35.862285,7.940512820512821,96.88618666273018,1.678230062368528,1.4355832749012805
42,43.0,Morocco,522389,+386,9190.0,+3,509958.0,+298,3241.0,97.0,13998.0,246.0,6593120.0,176669.0,Africa,71.0,4061.0,6.0,10.0,0.08,87.0,36911000.0,31.791702,-7.09262,1.4152664517352551,97.62035571193115,0.6204188832460102,1.7592254048228426
43,44.0,Saudi Arabia,461242,"+1,274",7503.0,+15,443810.0,"+1,028",9929.0,1565.0,13059.0,212.0,20021161.0,566858.0,Asia,77.0,4707.0,2.0,36.0,0.4,281.0,34814000.0,23.885942,45.079162,1.3248750502671338,96.22063905715437,2.1526660625008134,1.6266948803448082
44,45.0,Ecuador,433870,+885,20903.0,+72,398645.0,0,14322.0,479.0,24248.0,1168.0,1452441.0,81174.0,South America,41.0,856.0,12.0,49.0,4.0,800.0,17643000.0,-1.8312389999999998,-78.183406,2.4591622739896843,91.88120865697098,3.300988775439648,4.8178025675893705
45,46.0,Bulgaria,419859,0,17860.0,0,387416.0,0,14583.0,267.0,60855.0,2589.0,2933101.0,425126.0,Europe,16.0,386.0,2.0,0,0,2114.0,6948000.0,42.733883,25.48583,6.042875647668393,92.27288208660526,3.4733088965581302,4.2538090168366045
46,47.0,Greece,412420,+886,12346.0,+15,386567.0,"+1,898",13507.0,381.0,39750.0,1190.0,9910362.0,955186.0,Europe,25.0,840.0,1.0,85.0,1.0,1302.0,10423000.0,39.074208,21.824312,3.956826249640219,93.73139033024587,3.275059405460453,2.993550264293681
47,48.0,Belarus,401853,+834,2939.0,+10,394272.0,"+1,035",4642.0,0,42540.0,311.0,6466165.0,684510.0,Europe,24.0,3214.0,1.0,88.0,1.0,491.0,9449000.0,53.709807,27.953389,4.252862736797545,98.11348926099842,1.1551487733076522,0.7313619656939229
48,49.0,Kazakhstan,396832,"+1,000",4111.0,+15,370871.0,"+1,847",21850.0,221.0,20901.0,217.0,11575012.0,609648.0,Asia,48.0,4618.0,2.0,53.0,0.8,1151.0,18777000.0,48.019573,66.923684,2.113394045907227,93.45793685993064,5.5061083783565845,1.0359547617127651
49,50.0,Bolivia,392975,"+2,981",15177.0,+95,311340.0,"+2,369",66458.0,200.0,33242.0,1284.0,1577440.0,133437.0,South America,30.0,779.0,7.0,252.0,8.0,5622.0,11673000.0,-16.290154,-63.588653,3.3665295982181105,79.22641389401362,16.911508365672116,3.8620777403142696
50,51.0,Slovakia,390693,+147,12430.0,+7,376753.0,+181,1510.0,51.0,71528.0,2276.0,2875030.0,526358.0,Europe,14.0,439.0,2.0,27.0,1.0,276.0,5460000.0,48.669026,19.699023999999998,7.155549450549451,96.4319811207265,0.386492719347416,3.18152615992608
51,52.0,Panama,383733,0,6408.0,0,369273.0,0,8052.0,105.0,87648.0,1464.0,2739532.0,625734.0,North America,11.0,683.0,2.0,0,0,1839.0,4315000.0,8.537981,-80.782127,8.893001158748552,96.2317548920734,2.098333997857886,1.6699111100687198
52,53.0,Paraguay,379131,0,10145.0,0,311605.0,0,57381.0,571.0,52552.0,1406.0,1367636.0,189572.0,South America,19.0,711.0,5.0,0,0,7954.0,7133000.0,-23.442503,-58.44383199999999,5.315168933127716,82.18926967196035,15.134874225531544,2.6758561025081042
53,54.0,Tunisia,358183,0,13126.0,0,314730.0,0,30327.0,424.0,30013.0,1100.0,1525714.0,127845.0,Africa,33.0,909.0,8.0,0,0,2541.0,11819000.0,33.886917,9.537499,3.03056942211693,87.86849180446866,8.466900997534779,3.664607197996555
54,55.0,Croatia,358061,+275,8103.0,+7,348628.0,+159,1330.0,51.0,87727.0,1985.0,2060002.0,504714.0,Europe,11.0,504.0,2.0,67.0,2.0,326.0,4105000.0,45.1,15.2,8.722557856272838,97.36553268856424,0.37144508896528805,2.263022222470473
55,56.0,Georgia,351249,+821,4982.0,+31,335895.0,+866,10372.0,0,88209.0,1251.0,5226145.0,1312445.0,Asia,11.0,799.0,1.0,206.0,8.0,2605.0,3989000.0,42.315407,43.356891999999995,8.805439959889696,95.62874200353595,2.9528909690846095,1.4183670273794373
56,57.0,Azerbaijan,334917,+68,4948.0,+1,327626.0,+239,2343.0,0,32756.0,484.0,3589231.0,351040.0,Asia,31.0,2066.0,3.0,7.0,0.1,229.0,10139000.0,40.143105,47.576927000000005,3.3032547588519576,97.8230427240182,0.6995763129372352,1.4773809630445751
57,58.0,Costa Rica,333820,0,4251.0,0,252688.0,0,76881.0,520.0,64976.0,827.0,1291655.0,251413.0,North America,15.0,1209.0,4.0,0,0,14964.0,5094000.0,9.748917,-83.753428,6.553199842952494,75.69588400934636,23.030675214187287,1.2734407764663591
58,59.0,Uruguay,322978,0,4749.0,0,283397.0,0,34832.0,501.0,92677.0,1363.0,2439191.0,699912.0,South America,11.0,734.0,1.0,0,0,9995.0,3474000.0,-32.522779,-55.765834999999996,9.297006332757627,87.74498572658199,10.784635486008334,1.4703787874096688
59,60.0,Kuwait,321648,"+1,391",1806.0,+5,304916.0,"+1,279",14926.0,158.0,74292.0,417.0,2704930.0,624769.0,Asia,13.0,2397.0,2.0,321.0,1.0,3448.0,4271000.0,29.311659999999996,47.481766,7.530976352142356,94.79804009351838,4.640476545789186,0.561483360692434
60,61.0,Palestine,310544,0,3520.0,0,302357.0,0,4667.0,18.0,59585.0,675.0,1848601.0,354699.0,Asia,17.0,1481.0,3.0,0,0,895.0,5101000.0,31.952162,35.233154,6.087904332483827,97.36365861198412,1.50284661754856,1.133494770467309
61,62.0,Dominican Republic,304428,"+1,440",3686.0,+14,248104.0,+842,52638.0,445.0,27803.0,337.0,1601470.0,146259.0,North America,36.0,2971.0,7.0,132.0,1.0,4807.0,10848000.0,18.735692999999998,-70.162651,2.806305309734513,81.4984167028,17.29078796956916,1.2107953276308356
62,63.0,Denmark,288229,+904,2520.0,0,274334.0,"+1,093",11375.0,17.0,49598.0,434.0,60390217.0,10391880.0,Europe,20.0,2306.0,0.0,156.0,0,1957.0,5792000.0,56.26392,9.501785,4.9763294198895025,95.17918044332805,3.946514750424142,0.8743048062478099
63,64.0,Lithuania,277002,+241,4320.0,+2,261391.0,+518,11291.0,118.0,103105.0,1608.0,3530591.0,1314146.0,Europe,10.0,622.0,1.0,90.0,0.7,4203.0,2722000.0,55.169438,23.881275,10.176414401175606,94.3643006187681,4.076143854557007,1.5595555266748975
64,65.0,Ethiopia,273398,+223,4226.0,+6,248285.0,+783,20887.0,261.0,2325.0,36.0,2764790.0,23508.0,Africa,430.0,27831.0,43.0,2.0,0.05,178.0,114964000.0,9.145,40.489672999999996,0.2378118367488953,90.81449023036014,7.639777906202679,1.5457318634371868
65,66.0,Egypt,269527,0,15437.0,0,197832.0,0,56258.0,90.0,2588.0,148.0,2869589.0,27557.0,Africa,386.0,6746.0,36.0,0,0,540.0,102334000.0,26.820553000000004,30.802497999999996,0.2633797173959779,73.39969650535939,20.87286245904863,5.727441035591982
66,67.0,Ireland,265356,+259,4941.0,0,248248.0,+380,12167.0,27.0,53185.0,990.0,4729538.0,947937.0,Europe,19.0,1010.0,1.0,52.0,0,2439.0,4938000.0,53.41291,-8.243889999999999,5.373754556500607,93.55281207133059,4.585161066642548,1.862026862026862
67,68.0,Guatemala,263836,0,8331.0,0,240961.0,0,14544.0,5.0,14477.0,457.0,1464328.0,80350.0,North America,69.0,2188.0,12.0,0,0,798.0,17916000.0,15.783470999999999,-90.23075899999999,1.4726278187095332,91.32984126502828,5.512515350444973,3.1576433845267515
68,69.0,Slovenia,255907,+255,4392.0,+1,248093.0,+390,3422.0,47.0,123079.0,2112.0,1307855.0,629017.0,Europe,8.0,473.0,2.0,123.0,0.5,1646.0,2079000.0,46.151241,14.995463,12.309139009139008,96.94654698777289,1.3372045313336487,1.7162484808934495
69,70.0,Moldova,255601,+60,6145.0,+4,248260.0,+115,1196.0,48.0,63501.0,1527.0,1152004.0,286200.0,Europe,16.0,655.0,3.0,15.0,1.0,297.0,4034000.0,47.411631,28.369884999999996,6.3361675756073375,97.12794550882039,0.467916792187824,2.404137698991788
70,71.0,Bahrain,253879,0,1161.0,0,233480.0,0,19238.0,335.0,144545.0,661.0,4755524.0,2707539.0,Asia,7.0,1513.0,0.0,0,0,10953.0,1702000.0,25.930414000000003,50.637772,14.91650998824912,91.96506997427909,7.5776255617833685,0.45730446393754504
71,72.0,Venezuela,245300,0,2750.0,0,225266.0,0,17284.0,291.0,8649.0,97.0,3359014.0,118440.0,South America,116.0,10313.0,8.0,0,0,609.0,28436000.0,6.42375,-66.58973,0.8626389084259389,91.8328577252344,7.046066041581736,1.1210762331838564
72,73.0,Honduras,242796,+419,6532.0,+39,86418.0,+37,149846.0,547.0,24155.0,650.0,738148.0,73437.0,North America,41.0,1539.0,14.0,42.0,4.0,14908.0,9905000.0,15.199998999999998,-86.241905,2.4512468450277636,35.59284337468492,61.716832237763384,2.6903243875516893
73,74.0,Oman,228579,"+1,931",2448.0,+14,206844.0,+818,19287.0,329.0,43727.0,468.0,1550000.0,296516.0,Asia,23.0,2135.0,3.0,369.0,3.0,3690.0,5107000.0,21.512583,55.923255000000005,4.475797924417466,90.49125247726168,8.437782998438177,1.0709645243001327
74,75.0,Armenia,223384,+99,4474.0,+11,214690.0,+81,4220.0,0,75253.0,1507.0,1111596.0,374473.0,Asia,13.0,663.0,3.0,33.0,4.0,1422.0,2963000.0,40.069099,45.038189,7.539115761052987,96.10804712960642,1.88912366149769,2.0028292088958923
75,76.0,Qatar,219138,+158,573.0,+3,216123.0,+224,2442.0,95.0,78046.0,204.0,2062349.0,734506.0,Asia,13.0,4900.0,1.0,56.0,1.0,870.0,2881000.0,25.354826,51.183884,7.606317250954529,98.6241546422802,1.1143662897352353,0.26147906798455767
76,77.0,Sri Lanka,213396,"+2,735",1844.0,0,180427.0,"+2,168",31125.0,0,9927.0,86.0,3557469.0,165485.0,Asia,101.0,11658.0,6.0,127.0,0,1448.0,21413000.0,7.873054,80.77179699999999,0.9965721757810676,84.55031959361938,14.585559241972671,0.8641211644079552
77,78.0,Bosnia and Herzegovina,204512,+57,9467.0,+7,176881.0,+178,18164.0,0,62701.0,2902.0,996877.0,305633.0,Europe,16.0,345.0,3.0,17.0,2.0,5569.0,3281000.0,43.915886,17.679076000000002,6.233221578786955,86.48930136128932,8.881630417774996,4.62906822093569
78,80.0,Thailand,185228,"+2,680",1332.0,+35,136252.0,"+4,253",47644.0,1169.0,2647.0,19.0,8124896.0,116130.0,Asia,378.0,52525.0,9.0,38.0,0.5,681.0,69800000.0,15.870032,100.992541,0.2653696275071633,73.5590731422895,25.721813116807397,0.7191137409031032
79,81.0,Kenya,173661,+589,3345.0,+19,118933.0,+312,51383.0,121.0,3165.0,61.0,1845884.0,33639.0,Africa,316.0,16405.0,30.0,11.0,0.3,936.0,53771000.0,0.023559,37.906193,0.32296405125439365,68.48572794121881,29.588105561985707,1.9261664967954808
80,82.0,Nigeria,166918,0,2117.0,0,163259.0,0,1542.0,11.0,791.0,10.0,2133061.0,10115.0,Africa,1263.0,99618.0,99.0,0,0,7.0,206140000.0,9.081999,8.675277000000001,0.0809731250606384,97.80790567823722,0.9238068991960123,1.2682874225667693
81,83.0,North Macedonia,155469,+28,5467.0,+5,149551.0,+23,451.0,25.0,74627.0,2624.0,821365.0,394263.0,Europe,13.0,381.0,3.0,13.0,2.0,216.0,2083000.0,41.608635,21.745275,7.463706192990878,96.19345335726094,0.2900899857849475,3.5164566569541194
82,84.0,Cuba,152420,"+1,161",1045.0,+12,145337.0,"+1,201",6038.0,141.0,13464.0,92.0,4529297.0,400110.0,North America,74.0,10833.0,2.0,103.0,1.0,533.0,11327000.0,21.521757,-77.78116700000001,1.3456343250640064,95.35297205091196,3.961422385513712,0.6856055635743341
83,85.0,S. Korea,145692,+601,1977.0,+2,136174.0,+762,7541.0,146.0,2839.0,39.0,10044783.0,195765.0,Asia,352.0,25954.0,5.0,12.0,0.04,147.0,25779000.0,40.339852,127.510093,0.5651576864890027,93.46704005710677,5.17598770007962,1.3569722428136068
84,87.0,Latvia,135388,+244,2428.0,+5,129172.0,+421,3788.0,61.0,72531.0,1301.0,2749787.0,1473138.0,Europe,14.0,769.0,1.0,131.0,3.0,2029.0,1886000.0,56.879635,24.603189,7.178579003181336,95.40875114485775,2.797884598339587,1.7933642568026709
85,88.0,Albania,132415,+18,2452.0,0,129761.0,+25,202.0,18.0,46060.0,853.0,746964.0,259827.0,Europe,22.0,1172.0,4.0,6.0,0,70.0,2878000.0,41.153332,20.168331,4.600938151494093,97.99569535173508,0.15255069289733036,1.8517539553675941
86,89.0,Algeria,132034,+387,3544.0,+7,91894.0,+243,36596.0,25.0,2961.0,79.0,230861.0,5178.0,Africa,338.0,12582.0,193.0,9.0,0.2,821.0,43851000.0,28.033886,1.6596259999999998,0.30109689630795194,69.59873971855734,27.7171031703955,2.6841571110471545
87,90.0,Estonia,130310,+68,1265.0,+1,125191.0,+200,3854.0,10.0,98172.0,953.0,1458647.0,1098900.0,Europe,10.0,1049.0,1.0,51.0,0.8,2903.0,1327000.0,58.595271999999994,25.013607,9.81989449886963,96.07167523597575,2.957562735016499,0.9707620290077508
88,91.0,Norway,127254,0,789.0,+5,88952.0,0,37513.0,10.0,23303.0,144.0,5847413.0,1070785.0,Europe,43.0,6921.0,1.0,0,0.9,6869.0,5421000.0,60.472024,8.468946,2.347426674045379,69.90114259669637,29.478837600389774,0.6200198029138573
89,96.0,Ghana,94228,0,787.0,0,92362.0,0,1079.0,6.0,2975.0,25.0,1188952.0,37534.0,Africa,336.0,40250.0,27.0,0,0,34.0,31073000.0,7.946527000000001,-1.0231940000000002,0.30324719209603196,98.01969690537844,1.145094876257588,0.8352082183639682
90,97.0,Finland,93520,+126,959.0,0,46000.0,0,46561.0,11.0,16854.0,173.0,5167053.0,931206.0,Europe,59.0,5786.0,1.0,23.0,0,8391.0,5541000.0,61.92411,25.748151,1.687781988810684,49.18733960650128,49.78721129170231,1.0254491017964071
91,98.0,Afghanistan,85892,"+1,842",3356.0,+51,59871.0,+302,22665.0,1124.0,2161.0,84.0,511469.0,12869.0,Asia,463.0,11843.0,78.0,46.0,1.0,570.0,38928000.0,33.93911,67.709953,0.2206432387998356,69.70497834489825,26.387789316816466,3.9072323382852887
92,99.0,Cameroon,79904,0,1302.0,0,74429.0,0,4173.0,122.0,2942.0,48.0,1718937.0,63289.0,Africa,340.0,20860.0,16.0,0,0,154.0,26546000.0,7.369722,12.354722,0.3010020342047766,93.14802763315978,5.222517020424509,1.6294553464156987
93,101.0,Cyprus,72919,0,365.0,0,70701.0,0,1853.0,19.0,59987.0,300.0,7040289.0,5791731.0,Asia,17.0,3330.0,0.0,0,0,1524.0,1207000.0,35.126413,33.429859,6.0413421706710855,96.95826876397098,2.5411758252307357,0.500555410798283
94,103.0,Luxembourg,70291,0,818.0,0,68775.0,0,698.0,2.0,110612.0,1287.0,2950815.0,4643487.0,Europe,9.0,777.0,0.0,0,0,1098.0,626000.0,49.815273,6.129583,11.228594249201278,97.8432516253859,0.9930147529555703,1.163733621658534
95,104.0,Maldives,69213,+341,191.0,+2,53392.0,"+2,179",15630.0,90.0,125975.0,348.0,914782.0,1665005.0,Asia,8.0,2877.0,1.0,621.0,4.0,28448.0,541000.0,3.202778,73.22068,12.793530499075786,77.14157744932311,22.58246283212691,0.27595971854998336
96,105.0,Mongolia,69022,"+1,312",324.0,+6,55157.0,+444,13541.0,126.0,20743.0,97.0,3018338.0,907084.0,Asia,48.0,10270.0,1.0,394.0,2.0,4069.0,3278000.0,46.862496,103.84665600000001,2.105613178767541,79.91220190663846,19.618382544695894,0.4694155486656428
97,106.0,Singapore,62223,+4,34.0,0,61740.0,+38,449.0,1.0,10558.0,6.0,12366898.0,2098450.0,Asia,95.0,173334.0,0.0,0.7,0,76.0,5850000.0,1.352083,103.819836,1.0636410256410256,99.22375970300371,0.7215981228806069,0.0546421741156807
98,107.0,Namibia,60329,+515,950.0,+14,52769.0,+123,6610.0,57.0,23349.0,368.0,454708.0,175985.0,Africa,43.0,2720.0,6.0,199.0,5.0,2558.0,2541000.0,-22.957639999999998,18.49041,2.3742227469500197,87.46871322249665,10.956588042235078,1.5746987352682789
99,110.0,Jamaica,49090,+59,988.0,+14,26828.0,+187,21274.0,7.0,16511.0,332.0,397972.0,133850.0,North America,61.0,3009.0,7.0,20.0,5.0,7155.0,2961000.0,18.109581,-77.297508,1.657885849375211,54.650641678549604,43.336728457934406,2.012629863515991
100,111.0,Ivory Coast,47511,0,306.0,0,47037.0,0,168.0,0,1761.0,11.0,654588.0,24257.0,Africa,568.0,88189.0,41.0,0,0,6.0,26378000.0,7.539989,-5.54708,0.18011600576237774,99.00233630106712,0.3536023236724127,0.6440613752604659
101,112.0,Senegal,41796,+71,1150.0,0,40365.0,+42,281.0,7.0,2437.0,67.0,532161.0,31022.0,Africa,410.0,14917.0,32.0,4.0,0,16.0,16744000.0,14.497401000000002,-14.452361999999999,0.24961777353081702,96.57622739018088,0.6723131400133985,2.751459469805723
102,115.0,Cambodia,36240,+729,289.0,+11,29047.0,+398,6904.0,0,2140.0,17.0,1208237.0,71346.0,Asia,467.0,58598.0,14.0,43.0,0.6,408.0,16719000.0,12.565679,104.990963,0.2167593755607393,80.15176600441501,19.05077262693157,0.7974613686534217
103,116.0,Sudan,36122,0,2711.0,0,29812.0,0,3599.0,0,806.0,61.0,232965.0,5200.0,Africa,1240.0,16526.0,192.0,0,0,80.0,43849000.0,12.862807,30.217636,0.08237816141759219,82.53142129450197,9.963457172914014,7.50512153258402
104,119.0,DRC,33956,+379,821.0,+4,27794.0,0,5341.0,0,369.0,9.0,166731.0,1811.0,Africa,2712.0,112167.0,552.0,4.0,0.04,58.0,89561000.0,-4.038333000000001,21.758664000000003,0.03791382409754246,81.8529862174579,15.729178937448463,2.4178348450936507
105,121.0,Malta,30573,+1,419.0,0,30086.0,+2,68.0,0,69069.0,947.0,945642.0,2136349.0,Europe,14.0,1056.0,0.0,2.0,0,154.0,442000.0,35.937496,14.375416,6.9169683257918555,98.40709122428287,0.22241847381676644,1.3704903019003696
106,122.0,Australia,30210,+6,910.0,0,29156.0,0,144.0,1.0,1172.0,35.0,19046031.0,738901.0,Australia/Oceania,853.0,28325.0,1.0,0.2,0,6.0,25500000.0,-25.274398,133.775136,0.11847058823529412,96.51108904336313,0.4766633565044687,3.0122476001324063
107,123.0,Trinidad and Tobago,27533,+454,616.0,+17,17048.0,+401,9869.0,22.0,19614.0,439.0,204490.0,145676.0,North America,51.0,2279.0,7.0,323.0,12.0,7031.0,1399000.0,10.691803,-61.222503,1.968048606147248,61.91842516253223,35.84425961573385,2.2373152217339194
108,124.0,Rwanda,27434,0,364.0,0,26277.0,0,793.0,7.0,2070.0,27.0,1478879.0,111607.0,Africa,483.0,36403.0,9.0,0,0,60.0,12952000.0,-1.940278,29.873888,0.21181284743668932,95.78260552598965,2.8905737406138368,1.3268207333965154
109,125.0,Réunion,27235,0,212.0,0,25088.0,0,1935.0,35.0,30218.0,235.0,102720.0,113971.0,Africa,33.0,4251.0,9.0,0,0,2147.0,895000.0,21.115141,55.536384,3.043016759776536,92.11676152010281,7.104828345878465,0.7784101340187259
110,126.0,French Guiana,25093,0,129.0,0,9995.0,0,14969.0,32.0,82036.0,422.0,263970.0,862988.0,South America,12.0,2371.0,1.0,0,0,48938.0,299000.0,3.9338889999999997,-53.125781999999994,8.392307692307693,39.83182560873551,59.654086797114736,0.5140875941497629
111,128.0,Gabon,24651,0,154.0,0,23180.0,0,1317.0,17.0,10838.0,68.0,827114.0,363632.0,Africa,92.0,14770.0,3.0,0,0,579.0,2226000.0,-0.803689,11.609444,1.107412398921833,94.032696442335,5.342582451016186,0.6247211066488175
112,129.0,Guinea,23312,0,164.0,0,21382.0,0,1766.0,24.0,1731.0,12.0,455682.0,33845.0,Africa,578.0,82096.0,30.0,0,0,131.0,13133000.0,9.945587,-9.696645,0.17750704332597275,91.7210020590254,7.575497597803706,0.7035003431708992
113,131.0,Mauritania,19895,0,470.0,0,18891.0,0,534.0,16.0,4177.0,99.0,277813.0,58324.0,Africa,239.0,10135.0,17.0,0,0,112.0,4650000.0,21.00789,-10.940835,0.4278494623655914,94.95350590600653,2.684091480271425,2.3624026137220406
114,132.0,French Polynesia,18902,0,142.0,0,18736.0,0,24.0,1.0,66927.0,503.0,26355.0,93316.0,Australia/Oceania,15.0,1989.0,11.0,0,0,85.0,281000.0,-17.679742,-149.40684299999998,6.726690391459075,99.12178605438578,0.12697069093217647,0.7512432546820442
115,133.0,Eswatini,18680,0,674.0,0,17912.0,0,94.0,10.0,15947.0,575.0,214423.0,183051.0,Africa,63.0,1738.0,5.0,0,0,80.0,1160000.0,-26.497615999999997,31.355666999999997,1.610344827586207,95.88865096359743,0.5032119914346895,3.6081370449678802
116,134.0,Guyana,17805,0,416.0,0,15628.0,0,1761.0,17.0,22535.0,527.0,162866.0,206133.0,South America,44.0,1899.0,5.0,0,0,2229.0,787000.0,4.860416000000001,-58.93018000000001,2.2623888182973317,87.77309744453805,9.890480202190396,2.3364223532715527
117,135.0,Suriname,17041,0,363.0,0,12888.0,0,3790.0,33.0,28808.0,614.0,67284.0,113743.0,South America,35.0,1630.0,9.0,0,0,6407.0,587000.0,3.9193050000000005,-56.02778299999999,2.9030664395229984,75.62936447391586,22.240478845138195,2.130156680945954
118,137.0,Guadeloupe,16530,0,221.0,0,2250.0,0,14059.0,29.0,41306.0,552.0,201479.0,503461.0,North America,24.0,1811.0,2.0,0,0,35131.0,400000.0,16.995971,-62.067641,4.1325,13.611615245009073,85.05142165759226,1.336963097398669
119,141.0,Andorra,13781,0,127.0,0,13557.0,0,97.0,3.0,178093.0,1641.0,193595.0,2501842.0,Europe,6.0,609.0,0.0,0,0,1254.0,77000.0,42.546245,1.6015540000000001,17.897402597402596,98.37457368841159,0.703867643857485,0.9215586677309339
120,142.0,Togo,13563,+12,126.0,+1,13275.0,+10,162.0,0,1603.0,15.0,342733.0,40516.0,Africa,624.0,67137.0,25.0,1.0,0.1,19.0,8279000.0,8.619543,0.824782,0.16382413334943832,97.87657597876576,1.1944260119442602,0.92899800928998
121,143.0,Burkina Faso,13454,0,167.0,0,13268.0,0,19.0,0,628.0,8.0,191065.0,8913.0,Africa,1593.0,128358.0,112.0,0,0,0.9,20903000.0,12.238333,-1.561593,0.06436396689470411,98.61751152073732,0.14122194143005798,1.2412665378326149
122,147.0,Curaçao,12281,0,123.0,0,12137.0,0,21.0,4.0,74556.0,747.0,115182.0,699255.0,North America,13.0,1339.0,1.0,0,0,127.0,164000.0,12.16957,-68.990021,7.488414634146341,98.8274570474717,0.1709958472437098,1.001547105284586
123,148.0,Martinique,12110,0,98.0,0,98.0,0,11914.0,5.0,32294.0,261.0,186858.0,498299.0,North America,31.0,3826.0,2.0,0,0,31771.0,375000.0,14.641528,-61.024174,3.2293333333333334,0.8092485549132947,98.38150289017341,0.8092485549132947
124,151.0,Taiwan,11968,+275,333.0,+25,1133.0,0,10502.0,0,502.0,14.0,1197200.0,50182.0,Asia,1993.0,71643.0,20.0,12.0,1.0,440.0,23817000.0,23.69781,120.96051499999999,0.0502498215560314,9.466911764705882,87.75066844919786,2.7824197860962565
125,152.0,Hong Kong,11873,+4,210.0,0,11587.0,+3,76.0,1.0,1572.0,28.0,16710131.0,2212140.0,Asia,636.0,35971.0,0.0,0.5,0,10.0,7497000.0,22.396428,114.10949699999999,0.1583700146725357,97.59117325023162,0.6401078076307589,1.7687189421376233
126,154.0,Aruba,11064,0,107.0,0,10911.0,0,46.0,14.0,103219.0,998.0,169163.0,1578160.0,North America,10.0,1002.0,1.0,0,0,429.0,107000.0,12.52111,-69.968338,10.34018691588785,98.61713665943601,0.41576283441793205,0.9671005061460594
127,157.0,Vietnam,9565,+407,55.0,0,3636.0,+89,5874.0,0,97.0,0.6,6282417.0,64004.0,Asia,10262.0,1784672.0,16.0,4.0,0,60.0,97339000.0,14.058323999999999,108.277199,0.009826482704774037,38.01359121798223,61.411395713538944,0.575013068478829
128,164.0,Iceland,6612,0,30.0,0,6530.0,0,52.0,2.0,19259.0,87.0,689619.0,2008712.0,Europe,52.0,11444.0,0.0,0,0,151.0,341000.0,64.96305100000001,-19.020835,1.9390029325513196,98.75983061101027,0.7864488808227466,0.4537205081669692
129,167.0,Saint Lucia,5148,0,80.0,0,4930.0,0,138.0,0,27916.0,434.0,49557.0,268730.0,North America,36.0,2305.0,4.0,0,0,748.0,184000.0,13.909444,-60.97889300000001,2.7978260869565217,95.76534576534577,2.6806526806526807,1.554001554001554
130,168.0,San Marino,5090,0,90.0,0,4998.0,0,2.0,0,149715.0,2647.0,66865.0,1966733.0,Europe,7.0,378.0,1.0,0,0,59.0,34000.0,43.94236,12.457777,14.97058823529412,98.19253438113948,0.03929273084479371,1.768172888015717
131,172.0,Gibraltar,4304,+2,94.0,0,4199.0,0,11.0,0,127783.0,2791.0,261858.0,7774420.0,Europe,8.0,358.0,0.0,59.0,0,327.0,34000.0,36.137741,-5.345374,12.658823529411764,97.56040892193309,0.2555762081784387,2.184014869888476
132,174.0,Channel Islands,4076,0,86.0,0,3956.0,0,34.0,0,23244.0,490.0,454413.0,2591315.0,Europe,43.0,2039.0,0.0,0,0,194.0,174000.0,33.998028000000005,-119.772949,2.342528735632184,97.0559371933268,0.8341511285574091,2.1099116781158
133,178.0,Liechtenstein,3022,0,58.0,0,2945.0,+1,19.0,4.0,79048.0,1517.0,45301.0,1184959.0,Europe,13.0,659.0,1.0,0,0,497.0,38000.0,47.166000000000004,9.555373,7.9526315789473685,97.45201853077432,0.628722700198544,1.9192587690271343
134,179.0,New Zealand,2696,+4,26.0,0,2646.0,+2,24.0,0,539.0,5.0,2175651.0,434948.0,Australia/Oceania,1855.0,192388.0,2.0,0.8,0,5.0,4822000.0,-40.900557,174.88597099999998,0.05591041061800083,98.1454005934718,0.8902077151335311,0.9643916913946587
135,180.0,Monaco,2514,+3,33.0,0,2469.0,0,12.0,1.0,63642.0,835.0,51953.0,1315199.0,Europe,16.0,1197.0,1.0,76.0,0,304.0,39000.0,43.750298,7.412841,6.446153846153846,98.21002386634845,0.47732696897374705,1.3126491646778042
136,186.0,St. Vincent Grenadines,2092,0,12.0,0,1856.0,0,224.0,2.0,18801.0,108.0,50891.0,457365.0,North America,53.0,9273.0,2.0,0,0,2013.0,111000.0,12.984305,-61.287228000000006,1.8846846846846848,88.7189292543021,10.707456978967496,0.5736137667304015
137,187.0,Saint Martin,2040,0,12.0,0,1399.0,0,629.0,7.0,51934.0,305.0,27588.0,702324.0,North America,19.0,3273.0,1.0,0,0,16013.0,39000.0,18.073099,-63.082198999999996,5.230769230769231,68.57843137254902,30.833333333333336,0.5882352941176471
138,189.0,Bhutan,1739,+15,1.0,0,1424.0,+8,314.0,0,2231.0,1.0,798573.0,1024412.0,Asia,448.0,779543.0,1.0,19.0,0,403.0,772000.0,27.514162,90.433601,0.22525906735751294,81.88614146060954,18.05635422656699,0.05750431282346176
139,193.0,Antigua and Barbuda,1263,0,42.0,0,1214.0,0,7.0,0,12798.0,426.0,16700.0,169222.0,North America,78.0,2350.0,6.0,0,0,71.0,98000.0,17.060816,-61.796428000000006,1.2887755102040817,96.12034837688044,0.5542359461599367,3.32541567695962
140,194.0,St. Barth,1005,0,1.0,0,462.0,0,542.0,0,101464.0,101.0,26385.0,2663806.0,North America,10.0,9905.0,0.0,0,0,54720.0,10000.0,17.896179999999998,-62.84978,10.05,45.97014925373134,53.93034825870647,0.09950248756218905
141,196.0,Faeroe Islands,752,+5,1.0,0,711.0,+2,40.0,0,15335.0,20.0,288905.0,5891572.0,Europe,65.0,49037.0,0.0,102.0,0,816.0,49000.0,61.892635,-6.9118059999999995,1.5346938775510204,94.54787234042553,5.319148936170213,0.13297872340425532
142,198.0,Cayman Islands,592,0,2.0,0,576.0,0,14.0,0,8910.0,30.0,100199.0,1508044.0,North America,112.0,33222.0,1.0,0,0,211.0,66000.0,19.513469,-80.566956,0.896969696969697,97.2972972972973,2.364864864864865,0.33783783783783783
143,202.0,Brunei,246,0,3.0,0,231.0,0,12.0,0,557.0,7.0,129279.0,292889.0,Asia,1794.0,147131.0,3.0,0,0,27.0,437000.0,4.535277,114.72766899999999,0.056292906178489706,93.90243902439023,4.878048780487805,1.2195121951219512
144,209.0,Macao,51,0,0.0,0,49.0,0,2.0,0,78.0,0,4483.0,6817.0,Asia,12894.0,0,147.0,0,0,3.0,649000.0,22.198745000000002,113.543873,0.00785824345146379,96.07843137254902,3.9215686274509802,0.0
145,222.0,China,91316,+16,4636.0,0,86267.0,+12,413.0,10.0,63.0,3.0,160000000.0,111163.0,Asia,15762.0,310467.0,9.0,0.01,0,0.3,1439324000.0,35.86166,104.195397,0.006344367216832346,94.4708484821937,0.45227561435016866,5.076875903456131
Total:,0,Total:,174973504,"+237,587",3771833.0,"+9,261",158775015.0,"+339,779",12426656.0,85382.0,22447.5,483.9,0,0,All,0,0,0,0,0,0,7794798728.999999,1.0,1.0,2.2447469150040193,90.74231890560984,7.102021572363322,2.1556595220268324
